time,val_A,val_B,val_C
0,1,1,5.21992691
1,2.1,2,3.32493032
2,3,3,5.54629308
3,2.3,3.3,5.7101704
4,5.3,3,8.44535904
5,5,2,5.58675171
6,2.1,7,4.66676765
7,3,8,6.7632027
8,2,7,8.62326205
9,1,6.7,8.0386037
10,1,7.2,6.94902008
11,,8.1,4.85307221
12,3,3,4.51902336
13,3.5,2,3.63101153
14,2,,1.64794841
15,2.3,2,3.96501935
16,2.1,3.1,6.73773349
17,5.5,7.6,4.75958455
18,6.2,6.9,7.64229281
19,5.3,2.2,3.29609293
20,2.2,2.1,5.21992691
21,7,7,3.32493032
22,2.3,8.2,5.54629308
23,2,1.1,5.7101704