time,val_C
0,5.21992691
1,3.32493032
2,5.54629308
3,5.7101704
4,8.44535904
5,5.58675171
6,4.66676765
7,6.7632027
8,8.62326205
9,8.0386037
10,6.94902008
11,4.85307221
12,4.51902336
13,3.63101153
14,1.64794841
15,3.96501935
16,6.73773349
17,4.75958455
18,7.64229281
19,3.29609293
20,5.21992691
21,3.32493032
22,5.54629308
23,5.7101704